Model,nse,perc_bias,alpha_nse,beta_nse,r,fhv,fms,flv
HMS,0.63163712855972,-0.07349984421365366,0.8356946495737679,-0.043070098118084287,0.79686863492374,-17.984629452642523,28.171775151638318,-376.50031885079017
LSTM,0.8293302028404762,-0.1325384973783305,0.9280970381601437,-0.07766609776633678,0.9140888657440075,-4.600014276808798,12.87621662594941,-377.8235422984278
HMS_LSTM,0.849494996568875,-0.11274251855964101,0.8962375571449516,-0.06606587249802136,0.9244766868472917,-7.454399182653399,19.83497590190865,-377.2297446809551
