Basin,Model,nse,perc_bias,alpha_nse,beta_nse,r,fhv,fms,flv
MF Tule River S20,HMS,0.9636452782090678,-0.17146984733055906,0.8688535975746503,-0.1012728904671167,0.9948788008686904,0.9948788008686904,0.9948788008686904,0.9948788008686904
MF Tule River S20,LSTM,0.9369083932257991,0.0626450948719867,1.0458329326581168,0.03699921548913747,0.971495443846941,0.971495443846941,0.971495443846941,0.971495443846941
MF Tule River S20,HMS_LSTM,0.9568878021408453,0.12349255016513162,1.0861448178354745,0.07293671570295626,0.9860186674820033,0.9860186674820033,0.9860186674820033,0.9860186674820033
NF Tule River S10,HMS,0.9111271374300313,0.12519697308455627,1.114422680463015,0.0693966068130675,0.9681609029623469,0.9681609029623469,0.9681609029623469,0.9681609029623469
NF Tule River S10,LSTM,0.9416969987882333,0.04522327657021429,0.9243150495872648,0.025067234978773726,0.9719000446619901,0.9719000446619901,0.9719000446619901,0.9719000446619901
NF Tule River S10,HMS_LSTM,0.9401315371099142,0.07884349342389367,0.9599861973738959,0.0437029009416329,0.970646757686236,0.970646757686236,0.970646757686236,0.970646757686236
SF Tule River S10,HMS,0.8805115760657004,-0.05943721522560714,0.9933068862179529,-0.03094097641118944,0.9403576660018598,0.9403576660018598,0.9403576660018598,0.9403576660018598
SF Tule River S10,LSTM,0.9330428336321329,-0.011790298544587765,0.9066086482164954,-0.006137625185908815,0.9679037082585301,0.9679037082585301,0.9679037082585301,0.9679037082585301
SF Tule River S10,HMS_LSTM,0.9306931902805018,0.06827133537221095,0.9400975015110414,0.035539716477193055,0.9657187531913453,0.9657187531913453,0.9657187531913453,0.9657187531913453
